# Run-on dictation (little punctuation, as the speech model returns long continuous speech) → expected.
when somebody downloads it from github add a welcome screen that shows all the features make it skippable	When somebody downloads it from GitHub, add a welcome screen that shows all the features. Make it skippable.
the dictation is quite fast but it is not accurate with names so we need to fix that next week	The dictation is quite fast, but it is not accurate with names, so we need to fix that next week.
can you send me the report by friday we need it for the client meeting on monday	Can you send me the report by Friday? We need it for the client meeting on Monday.
i tried it again it still did not work can you check the logs	I tried it again. It still did not work. Can you check the logs?
thanks for the update lets discuss it tomorrow morning	Thanks for the update. Let's discuss it tomorrow morning.
first we build the app then we test it and finally we ship it	First, we build the app, then we test it, and finally we ship it.
i think the design looks great but the colors are a bit too bright	I think the design looks great, but the colors are a bit too bright.
hey priya are you free for a quick call this afternoon	Hey Priya, are you free for a quick call this afternoon?
please review the pull request and let me know if anything needs to change	Please review the pull request and let me know if anything needs to change.
we shipped the update last night everything looks stable so far	We shipped the update last night. Everything looks stable so far.
